epoch,dice_coef,iou,loss,lr,precision,recall,val_dice_coef,val_iou,val_loss,val_precision,val_recall
0,0.6738739013671875,0.5738852620124817,0.3261263966560364,1e-04,0.7260924577713013,0.9006382822990417,0.7986317873001099,0.727202296257019,0.20136813819408417,0.9130011200904846,0.9095488786697388
1,0.8341717720031738,0.7764504551887512,0.16582798957824707,1e-04,0.9131110906600952,0.913898229598999,0.7801797389984131,0.7220944166183472,0.21982048451900482,0.9297938346862793,0.7761610150337219
2,0.8484492301940918,0.796142041683197,0.15155136585235596,1e-04,0.9136279225349426,0.9106675386428833,0.7919248938560486,0.7372252345085144,0.20807503163814545,0.9334675669670105,0.7918685078620911
3,0.8697753548622131,0.8205302953720093,0.13022586703300476,1e-04,0.934262216091156,0.918255090713501,0.8206652402877808,0.7645966410636902,0.17933480441570282,0.8254069685935974,0.9012209177017212
4,0.8708963394165039,0.8234221339225769,0.12910336256027222,1e-04,0.9336827993392944,0.9154912829399109,0.8372042775154114,0.7820301651954651,0.16279570758342743,0.8669012784957886,0.919389545917511
